layer,pool_mode,block_size,keep_blocks,budget_ratio,selected_ratio,translated_mse,translated_cosine,oracle_block_mse,oracle_block_cosine
0,uniform,32,,0.5,0.5,0.0008362238295376301,0.3937731981277466,0.0009503144538030028,0.6473555564880371
0,received,32,,0.5,0.5,0.0007918730261735618,0.4001283645629883,0.0009503144538030028,0.6473555564880371
