layer,routing_pool_mode,value_pool_mode,block_size,keep_blocks,budget_ratio,block_score_mode,anchor_tokens,block_score_topk,selected_ratio,translated_mse,translated_cosine,mean_block_mse,mean_block_cosine,selective_oracle_mse,selective_oracle_cosine
8,received,uniform,32,,0.5,anchor_count,64,4,0.4375,0.00689569883979857,0.7545896470546722,0.010873823543079197,0.6726784408092499,0.0011088249448221177,0.9666835442185402
8,kxreceived,uniform,32,,0.5,anchor_count,64,4,0.4375,0.00682640599552542,0.7558312192559242,0.010742918588221073,0.6757302731275558,0.001003033365122974,0.9677291885018349
12,received,uniform,32,,0.5,anchor_count,64,4,0.4375,0.006745881517417729,0.7045098692178726,0.011835286393761635,0.6323258653283119,0.0006473157918662764,0.9788888096809387
12,kxreceived,uniform,32,,0.5,anchor_count,64,4,0.4375,0.006733041838742793,0.7062097936868668,0.011831749696284533,0.6322052553296089,0.0006830514103057794,0.9770118221640587
15,received,uniform,32,,0.5,anchor_count,64,4,0.4375,0.015191011945717037,0.7430860698223114,0.02704175584949553,0.6922148540616035,0.0015106030041351914,0.9772286489605904
15,kxreceived,uniform,32,,0.5,anchor_count,64,4,0.4375,0.015181364491581917,0.7410322278738022,0.02704175584949553,0.6922148540616035,0.0015106030041351914,0.9772286489605904
