layer,routing_pool_mode,value_pool_mode,block_size,keep_blocks,budget_ratio,selected_ratio,translated_mse,translated_cosine,mean_block_mse,mean_block_cosine,selective_oracle_mse,selective_oracle_cosine
8,uniform,uniform,32,,0.5,0.4375,0.007108352147042751,0.7402914389967918,0.01186206063721329,0.6356262788176537,0.0030521235894411802,0.8861235082149506
8,received,uniform,32,,0.5,0.4375,0.007198765524663031,0.739138126373291,0.011129686492495239,0.6595438718795776,0.001667160468059592,0.9374606534838676
8,kxreceived,uniform,32,,0.5,0.4375,0.007128014694899321,0.740954615175724,0.011129686492495239,0.6595438718795776,0.001667160468059592,0.9374606534838676
12,uniform,uniform,32,,0.5,0.4375,0.006763229321222752,0.7054086327552795,0.012211986468173563,0.6247212886810303,0.002691446046810597,0.9078226238489151
12,received,uniform,32,,0.5,0.4375,0.006780633761081845,0.7016359195113182,0.011914198868907988,0.6299077793955803,0.0013608222943730652,0.9498199075460434
12,kxreceived,uniform,32,,0.5,0.4375,0.006792440603021532,0.7016278803348541,0.011914198868907988,0.6299077793955803,0.0013608222943730652,0.9498199075460434
15,uniform,uniform,32,,0.5,0.4375,0.015463435789570212,0.7319022864103317,0.028519395738840103,0.6760764643549919,0.005036614136770368,0.9209975153207779
15,received,uniform,32,,0.5,0.4375,0.015199335175566375,0.7404894009232521,0.02704402757808566,0.6928245574235916,0.0015144178469199687,0.9769053086638451
15,kxreceived,uniform,32,,0.5,0.4375,0.015243857866153121,0.7406675517559052,0.02704402757808566,0.6928245574235916,0.0015144178469199687,0.9769053086638451
