layer,routing_pool_mode,value_pool_mode,block_size,keep_blocks,budget_ratio,block_score_mode,anchor_tokens,block_score_topk,selected_ratio,translated_mse,translated_cosine,mean_block_mse,mean_block_cosine,selective_oracle_mse,selective_oracle_cosine
8,received,uniform,32,,0.5,anchor_count,64,4,0.4375,0.006357664526149165,0.7660379474982619,0.010802102333400398,0.6744773592799902,0.0011411356063035782,0.9630601266399026
8,kxreceived,uniform,32,,0.5,anchor_count,64,4,0.4375,0.006422941958589945,0.7645064080134034,0.010772049223305658,0.6756587978452444,0.0010945960621029371,0.9635652452707291
12,received,uniform,32,,0.5,anchor_count,64,4,0.4375,0.006685218198981602,0.7155665038153529,0.01168333958776202,0.6386331031098962,0.0009534530618111603,0.9691864075139165
12,kxreceived,uniform,32,,0.5,anchor_count,64,4,0.4375,0.006781261552532669,0.7117203595116735,0.011825550958747044,0.6356662586331367,0.0012130408604207332,0.9591450169682503
15,received,uniform,32,,0.5,anchor_count,64,4,0.4375,0.016208107146667317,0.7165923183783889,0.02723886916646734,0.6919707590714097,0.0024763566980254836,0.9612306822091341
15,kxreceived,uniform,32,,0.5,anchor_count,64,4,0.4375,0.0161704443016788,0.712962694466114,0.027220172312809154,0.6922423746436834,0.002434942955005681,0.9619433917105198
