layer,routing_pool_mode,value_pool_mode,block_size,keep_blocks,budget_ratio,block_score_mode,anchor_tokens,block_score_topk,selected_ratio,translated_mse,translated_cosine,mean_block_mse,mean_block_cosine,selective_oracle_mse,selective_oracle_cosine
0,uniform,uniform,32,,0.5,anchor_count,32,4,0.5,0.0035685021430253983,0.022760452702641487,0.0009781081462278962,0.6350799202919006,0.0003598902840167284,0.6845580339431763
0,received,uniform,32,,0.5,anchor_count,32,4,0.5,0.0025606704875826836,0.0799444168806076,0.0009763612761162221,0.638444185256958,1.529753535578493e-05,0.991334080696106
