layer,pool_mode,block_size,keep_blocks,budget_ratio,selected_ratio,translated_mse,translated_cosine,oracle_block_mse,oracle_block_cosine
8,uniform,32,,0.5,0.4375,0.007127864460926503,0.7396699488162994,0.01186206063721329,0.6356262788176537
8,received,32,,0.5,0.4375,0.00859310885425657,0.6663546338677406,0.011129686492495239,0.6595438718795776
8,kxreceived,32,,0.5,0.4375,0.009041458833962679,0.651832289993763,0.011129686492495239,0.6595438718795776
12,uniform,32,,0.5,0.4375,0.006784742057789117,0.7037040218710899,0.012211986468173563,0.6247212886810303
12,received,32,,0.5,0.4375,0.018525946652516723,0.4040381610393524,0.011914198868907988,0.6299077793955803
12,kxreceived,32,,0.5,0.4375,0.019770531449466944,0.38337424397468567,0.011914198868907988,0.6299077793955803
15,uniform,32,,0.5,0.4375,0.015427681733854115,0.7326327189803123,0.028519395738840103,0.6760764643549919
15,received,32,,0.5,0.4375,0.015250635333359241,0.736681655049324,0.02704402757808566,0.6928245574235916
15,kxreceived,32,,0.5,0.4375,0.015399044030345976,0.7307229340076447,0.02704402757808566,0.6928245574235916
