layers,method,alpha,full_ce,patched_ce,ce_delta,logit_kl,top1_match
"12,15",selective_oracle,1.0,3.004119634628296,3.0335705280303955,0.02945089340209961,0.06697764247655869,0.9047619104385376
"12,15",selective_oracle,0.5,3.004119634628296,3.007326126098633,0.003206491470336914,0.016797209158539772,0.9365079402923584
"12,15",multislot_headwise_norm,1.0,3.004119634628296,3.036921262741089,0.03280162811279297,0.1677350401878357,0.8253968358039856
"12,15",multislot_headwise_norm,0.5,3.004119634628296,2.9777579307556152,-0.026361703872680664,0.04139997810125351,0.8730158805847168
