layers,method,full_ce,patched_ce,ce_delta,logit_kl,top1_match
"12,15",selective_oracle,2.27610445022583,2.3606653213500977,0.08456087112426758,0.08747907727956772,0.8661417365074158
"12,15",baseline_1slot_linear,2.27610445022583,2.7281312942504883,0.4520268440246582,0.4710816442966461,0.7244094610214233
"12,15",multislot_headwise_norm,2.27610445022583,2.306018114089966,0.029913663864135742,0.13060854375362396,0.8188976645469666
