layers,method,full_ce,patched_ce,ce_delta,logit_kl,top1_match
"12,15",baseline_1slot_linear,2.27610445022583,2.6425771713256836,0.3664727210998535,0.3804095685482025,0.6929134130477905
"12,15",multislot_headwise_norm,2.27610445022583,2.293020486831665,0.01691603660583496,0.1270170956850052,0.8110235929489136
