layers,method,full_ce,patched_ce,ce_delta,logit_kl,top1_match
"12,15",baseline_1slot_linear,1.6590137854218483,1.7380847781896591,0.07907099276781082,0.09367669280618429,0.8400195576250553
"12,15",multislot_headwise_norm,1.6590137854218483,1.7258097156882286,0.06679593026638031,0.09486224642023444,0.8571428656578064
"8,12,15",baseline_1slot_linear,1.6590137854218483,1.7869502380490303,0.127936452627182,0.18357657082378864,0.7827788703143597
"8,12,15",multislot_headwise_norm,1.6590137854218483,1.8043117076158524,0.14529792219400406,0.20857712533324957,0.7835127264261246
