layer,method,full_ce,patched_ce,ce_delta,logit_kl,top1_match
8,baseline_1slot_linear,2.27610445022583,2.329801321029663,0.05369687080383301,0.19091659784317017,0.7795275449752808
8,multislot_headwise_norm,2.27610445022583,2.266136646270752,-0.009967803955078125,0.0895848199725151,0.7637795209884644
