layers,method,full_ce,patched_ce,ce_delta,logit_kl,top1_match
"0,1,2,3,4,5,6,7,8,9,10,11,12,13,14,15",selective_oracle,1.6438764184713364,2.2352899312973022,0.5914135128259659,0.6642252802848816,0.7194226980209351
"0,1,2,3,4,5,6,7,8,9,10,11,12,13,14,15",multislot_headwise_norm,1.6438764184713364,3.904082268476486,2.26020585000515,2.4804753959178925,0.36179061233997345
