layers,mode,alpha,full_ce,patched_ce,ce_delta,logit_kl,top1_match
"12,15",static,1.0,2.27610445022583,2.3606653213500977,0.08456087112426758,0.08747907727956772,0.8661417365074158
"12,15",static,0.5,2.27610445022583,2.299424886703491,0.023320436477661133,0.0168986227363348,0.9212598204612732
"12,15",self_consistent,1.0,2.27610445022583,2.358797550201416,0.08269309997558594,0.08425377309322357,0.8661417365074158
"12,15",self_consistent,0.5,2.27610445022583,2.2996721267700195,0.023567676544189453,0.016766181215643883,0.9291338324546814
