model_a,model_b,layer,route_jaccard,route_recall_a_to_b,route_recall_b_to_a,global_jaccard,global_recall_a_to_b,global_recall_b_to_a
qwen_sender,qwen_receiver,0,0.48720797896385193,0.5258941650390625,0.5258941650390625,1.0,1.0,1.0
qwen_sender,qwen_receiver,4,0.1881399303674698,0.268829345703125,0.268829345703125,0.6842105388641357,0.8125,0.8125
qwen_sender,qwen_receiver,8,0.20928573608398438,0.309417724609375,0.309417724609375,0.4883720874786377,0.65625,0.65625
qwen_sender,qwen_receiver,12,0.16551139950752258,0.2530975341796875,0.2530975341796875,0.2549019753932953,0.40625,0.40625
qwen_sender,qwen_receiver,15,0.17794160544872284,0.2648468017578125,0.2648468017578125,0.2800000011920929,0.4375,0.4375
