model_a,model_b,layer,route_jaccard,route_recall_a_to_b,route_recall_b_to_a,global_jaccard,global_recall_a_to_b,global_recall_b_to_a
qwen_sender,llama32_1b,0,0.07809578627347946,0.09525299072265625,0.10138703882694244,0.3404255211353302,0.5,0.5161290168762207
qwen_sender,llama32_1b,4,0.08167938143014908,0.123748779296875,0.11807200312614441,0.5208333134651184,0.78125,0.6097561120986938
qwen_sender,llama32_1b,8,0.0684722512960434,0.10533905029296875,0.09947182238101959,0.3214285671710968,0.5625,0.4285714328289032
qwen_sender,llama32_1b,12,0.0763460248708725,0.11934661865234375,0.1115649864077568,0.32692307233810425,0.53125,0.45945945382118225
qwen_sender,llama32_1b,15,0.07475520670413971,0.11489105224609375,0.10834227502346039,0.18333333730697632,0.34375,0.28205129504203796
