model_a,model_b,layer,route_jaccard,route_recall_a_to_b,route_recall_b_to_a,global_jaccard,global_recall_a_to_b,global_recall_b_to_a
qwen_sender,llama32_1b,0,0.12190932035446167,0.1517791748046875,0.1597909927368164,0.4318181872367859,0.59375,0.6129032373428345
qwen_sender,llama32_1b,8,0.108482226729393,0.158172607421875,0.14990660548210144,0.45098039507865906,0.71875,0.5476190447807312
