sample_id,context_tokens,cache_slots,max_new_tokens,first_token_match,exact_match,prefix_match_tokens,token_f1,sequence_similarity,full_continuation_ce,shared_continuation_ce,full_text,shared_text
0,512,80,16,0,0,0,0.125,0.125,0.2395170032978058,1.1831109523773193,\n0.00|玩家基础信息|玩家5520|657, 0 0 0 0 0 0 0 0
1,512,80,16,0,0,0,0.0625,0.0625,0.23678438365459442,5.1371355056762695,\n0.00|玩家基础信息|玩家5520|657,", аnd3an.\n3.5.4.5.6."
2,512,80,16,0,0,0,0.125,0.125,0.24764615297317505,1.1831258535385132,\n0.00|玩家基础信息|玩家5520|667, 0 0 0 0 0 0 0 0
3,512,80,16,0,0,0,0.125,0.125,0.24764615297317505,1.1831258535385132,\n0.00|玩家基础信息|玩家5520|667, 0 0 0 0 0 0 0 0
