sample_id,layers,patch_source,alpha,context_tokens,max_new_tokens,first_token_match,exact_match,prefix_match_tokens,token_f1,sequence_similarity,full_continuation_ce,boot_continuation_ce,full_text,boot_text
0,"12,15",none,0.0,128,8,1,1,8,1.0,1.0,0.5758821964263916,0.5758821964263916,0|游戏开始|999,0|游戏开始|999
0,"12,15",translated,1.0,128,8,1,0,6,0.75,0.75,0.5758821964263916,0.6088318228721619,0|游戏开始|999,0|游戏开始|967
0,"12,15",translated,0.5,128,8,1,1,8,1.0,1.0,0.5758821964263916,0.5758821964263916,0|游戏开始|999,0|游戏开始|999
0,"8,12,15",none,0.0,128,8,1,1,8,1.0,1.0,0.5758821964263916,0.5758821964263916,0|游戏开始|999,0|游戏开始|999
0,"8,12,15",translated,1.0,128,8,1,0,6,0.75,0.75,0.5758821964263916,0.6088318228721619,0|游戏开始|999,0|游戏开始|967
0,"8,12,15",translated,0.5,128,8,1,0,5,0.75,0.75,0.5758821964263916,0.737983763217926,0|游戏开始|999,0|游戏开始|789
