sample_id,layers,patch_source,alpha,context_tokens,max_new_tokens,first_token_match,exact_match,prefix_match_tokens,token_f1,sequence_similarity,full_continuation_ce,boot_continuation_ce,full_text,boot_text
0,"0,1,2,3,4,5,6,7,8,9,10,11,12,13,14,15,16,17,18,19,20,21,22,23,24,25",none,0.0,64,4,1,1,4,1.0,1.0,1.3028714656829834,1.3028714656829834,1|2|,1|2|
0,"0,1,2,3,4,5,6,7,8,9,10,11,12,13,14,15,16,17,18,19,20,21,22,23,24,25",translated,1.0,64,4,0,0,0,0.5,0.5,1.3028714656829834,1.5536863803863525,1|2|,9|0|
1,"0,1,2,3,4,5,6,7,8,9,10,11,12,13,14,15,16,17,18,19,20,21,22,23,24,25",none,0.0,64,4,1,1,4,1.0,1.0,1.3028714656829834,1.3028714656829834,1|2|,1|2|
1,"0,1,2,3,4,5,6,7,8,9,10,11,12,13,14,15,16,17,18,19,20,21,22,23,24,25",translated,1.0,64,4,0,0,0,0.5,0.5,1.3028714656829834,1.5536863803863525,1|2|,9|0|
